,Job,Company,Location
0,Senior Python Developer,"Payne, Roberts and Davis","Stewartbury, AA"
1,Software Engineer (Python),Garcia PLC,"Ericberg, AE"
2,Python Programmer (Entry-Level),"Moss, Duncan and Allen","Port Sara, AE"
3,Python Programmer (Entry-Level),Cooper and Sons,"West Victor, AE"
4,Software Developer (Python),Adams-Brewer,"Brockburgh, AE"
5,Python Developer,Rivera and Sons,"East Michaelfort, AA"
6,"Back-End Web Developer (Python, Django)",Stewart-Alexander,"South Kimberly, AA"
7,"Back-End Web Developer (Python, Django)","Jackson, Ali and Mckee","New Elizabethside, AA"
8,Python Programmer (Entry-Level),Mathews Inc,"Robertborough, AP"
9,Software Developer (Python),Moreno-Rodriguez,"Martinezburgh, AE"
